{
  "Allande": {
    "INGRESOS HOSPITALARIOS": 8.315256688358641,
    "URGENCIAS": 26.31959508315257,
    "GRUPO4_GMA": 10.339840925524223,
    "Cluster": 1.0
  },
  "Aller / Ayer": {
    "INGRESOS HOSPITALARIOS": 7.398592715231789,
    "URGENCIAS": 24.379139072847682,
    "GRUPO4_GMA": 5.991307947019867,
    "Cluster": 1.0
  },
  "Amieva": {
    "INGRESOS HOSPITALARIOS": 6.41025641025641,
    "URGENCIAS": 25.213675213675213,
    "GRUPO4_GMA": 4.05982905982906,
    "Cluster": 0.0
  },
  "Avilés": {
    "INGRESOS HOSPITALARIOS": 7.706537676254162,
    "URGENCIAS": 27.31956643874097,
    "GRUPO4_GMA": 6.455458569138221,
    "Cluster": 1.0
  },
  "Belmonte de Miranda / Miranda": {
    "INGRESOS HOSPITALARIOS": 7.718405428329092,
    "URGENCIAS": 21.713316369804918,
    "GRUPO4_GMA": 8.736217133163699,
    "Cluster": 1.0
  },
  "Bimenes": {
    "INGRESOS HOSPITALARIOS": 7.575757575757576,
    "URGENCIAS": 25.550964187327825,
    "GRUPO4_GMA": 8.953168044077135,
    "Cluster": 1.0
  },
  "Boal": {
    "INGRESOS HOSPITALARIOS": 6.5343258891646,
    "URGENCIAS": 25.806451612903224,
    "GRUPO4_GMA": 8.519437551695615,
    "Cluster": 1.0
  },
  "Cabrales": {
    "INGRESOS HOSPITALARIOS": 6.004756242568371,
    "URGENCIAS": 22.59215219976219,
    "GRUPO4_GMA": 3.804994054696789,
    "Cluster": 0.0
  },
  "Cabranes": {
    "INGRESOS HOSPITALARIOS": 6.196840826245444,
    "URGENCIAS": 18.712029161603887,
    "GRUPO4_GMA": 6.682867557715674,
    "Cluster": 1.0
  },
  "Candamo": {
    "INGRESOS HOSPITALARIOS": 6.419316843345111,
    "URGENCIAS": 20.965842167255595,
    "GRUPO4_GMA": 5.830388692579505,
    "Cluster": 0.0
  },
  "Cangas de Onís / Cangues d'Onís": {
    "INGRESOS HOSPITALARIOS": 5.238955493512892,
    "URGENCIAS": 29.72573493184431,
    "GRUPO4_GMA": 3.399573000492691,
    "Cluster": 0.0
  },
  "Cangas del Narcea": {
    "INGRESOS HOSPITALARIOS": 7.421316165951359,
    "URGENCIAS": 31.813304721030043,
    "GRUPO4_GMA": 6.303648068669528,
    "Cluster": 0.0
  },
  "Caravia": {
    "INGRESOS HOSPITALARIOS": 5.602240896358544,
    "URGENCIAS": 23.809523809523807,
    "GRUPO4_GMA": 3.081232492997199,
    "Cluster": 0.0
  },
  "Carreño": {
    "INGRESOS HOSPITALARIOS": 6.455917068664682,
    "URGENCIAS": 21.954223545109308,
    "GRUPO4_GMA": 4.823976188032433,
    "Cluster": 0.0
  },
  "Caso / Casu": {
    "INGRESOS HOSPITALARIOS": 8.823529411764707,
    "URGENCIAS": 23.52941176470588,
    "GRUPO4_GMA": 8.689839572192513,
    "Cluster": 1.0
  },
  "Castrillón": {
    "INGRESOS HOSPITALARIOS": 7.20746728252502,
    "URGENCIAS": 24.990377213240954,
    "GRUPO4_GMA": 5.62933025404157,
    "Cluster": 0.0
  },
  "Castropol": {
    "INGRESOS HOSPITALARIOS": 6.252003847386983,
    "URGENCIAS": 25.456877204232125,
    "GRUPO4_GMA": 4.584802821417121,
    "Cluster": 0.0
  },
  "Coaña": {
    "INGRESOS HOSPITALARIOS": 6.440355329949239,
    "URGENCIAS": 30.83756345177665,
    "GRUPO4_GMA": 4.50507614213198,
    "Cluster": 0.0
  },
  "Colunga": {
    "INGRESOS HOSPITALARIOS": 6.380716058135413,
    "URGENCIAS": 21.51719248493442,
    "GRUPO4_GMA": 4.360155973059198,
    "Cluster": 0.0
  },
  "Corvera": {
    "INGRESOS HOSPITALARIOS": 8.15668202764977,
    "URGENCIAS": 28.57801184990125,
    "GRUPO4_GMA": 7.360105332455563,
    "Cluster": 1.0
  },
  "Cudillero / Cuideiru": {
    "INGRESOS HOSPITALARIOS": 7.227515686730188,
    "URGENCIAS": 21.75226586102719,
    "GRUPO4_GMA": 6.158494073901929,
    "Cluster": 1.0
  },
  "Degaña": {
    "INGRESOS HOSPITALARIOS": 6.031746031746032,
    "URGENCIAS": 21.428571428571427,
    "GRUPO4_GMA": 5.555555555555555,
    "Cluster": 0.0
  },
  "Franco, El": {
    "INGRESOS HOSPITALARIOS": 5.843023255813954,
    "URGENCIAS": 29.73837209302326,
    "GRUPO4_GMA": 6.511627906976744,
    "Cluster": 0.0
  },
  "Gijón / Xixón": {
    "INGRESOS HOSPITALARIOS": 5.843019941900004,
    "URGENCIAS": 24.243972813289883,
    "GRUPO4_GMA": 5.741207363525938,
    "Cluster": 0.0
  },
  "Gozón": {
    "INGRESOS HOSPITALARIOS": 8.030838419531,
    "URGENCIAS": 23.257308062961773,
    "GRUPO4_GMA": 5.1183210193810895,
    "Cluster": 1.0
  },
  "Grado / Grau": {
    "INGRESOS HOSPITALARIOS": 5.524681268388362,
    "URGENCIAS": 21.60836874795685,
    "GRUPO4_GMA": 6.124005666339762,
    "Cluster": 0.0
  },
  "Grandas de Salime": {
    "INGRESOS HOSPITALARIOS": 6.4784053156146175,
    "URGENCIAS": 15.780730897009967,
    "GRUPO4_GMA": 7.475083056478406,
    "Cluster": 1.0
  },
  "Ibias": {
    "INGRESOS HOSPITALARIOS": 10.245310245310245,
    "URGENCIAS": 26.551226551226552,
    "GRUPO4_GMA": 6.782106782106783,
    "Cluster": 1.0
  },
  "Illano / Eilao": {
    "INGRESOS HOSPITALARIOS": 6.122448979591837,
    "URGENCIAS": 26.02040816326531,
    "GRUPO4_GMA": 5.612244897959184,
    "Cluster": 0.0
  },
  "Illas": {
    "INGRESOS HOSPITALARIOS": 7.43073047858942,
    "URGENCIAS": 25.188916876574307,
    "GRUPO4_GMA": 3.778337531486146,
    "Cluster": 0.0
  },
  "Langreo / Llangréu": {
    "INGRESOS HOSPITALARIOS": 7.596322241681261,
    "URGENCIAS": 27.651598073555167,
    "GRUPO4_GMA": 5.678086690017513,
    "Cluster": 0.0
  },
  "Laviana / Llaviana": {
    "INGRESOS HOSPITALARIOS": 7.4323768807037744,
    "URGENCIAS": 25.939324179889827,
    "GRUPO4_GMA": 5.352297952807696,
    "Cluster": 0.0
  },
  "Lena / Llena": {
    "INGRESOS HOSPITALARIOS": 7.383966244725738,
    "URGENCIAS": 26.461723930078364,
    "GRUPO4_GMA": 6.6505927265420945,
    "Cluster": 1.0
  },
  "Valdés": {
    "INGRESOS HOSPITALARIOS": 5.167034472262385,
    "URGENCIAS": 24.832750873689466,
    "GRUPO4_GMA": 5.142286570144783,
    "Cluster": 0.0
  },
  "Llanera": {
    "INGRESOS HOSPITALARIOS": 5.297427652733119,
    "URGENCIAS": 23.430484742409252,
    "GRUPO4_GMA": 4.550643025644928,
    "Cluster": 0.0
  },
  "Llanes": {
    "INGRESOS HOSPITALARIOS": 7.212720928902362,
    "URGENCIAS": 19.37299035369775,
    "GRUPO4_GMA": 4.155948553054662,
    "Cluster": 0.0
  },
  "Mieres": {
    "INGRESOS HOSPITALARIOS": 6.391478029294275,
    "URGENCIAS": 28.46193445060916,
    "GRUPO4_GMA": 6.331865240519361,
    "Cluster": 0.0
  },
  "Morcín": {
    "INGRESOS HOSPITALARIOS": 7.784810126582278,
    "URGENCIAS": 22.01509098979139,
    "GRUPO4_GMA": 8.832667554371948,
    "Cluster": 1.0
  },
  "Muros del Nalón": {
    "INGRESOS HOSPITALARIOS": 5.890357698289269,
    "URGENCIAS": 24.367088607594937,
    "GRUPO4_GMA": 7.215189873417721,
    "Cluster": 0.0
  },
  "Nava": {
    "INGRESOS HOSPITALARIOS": 5.752380952380953,
    "URGENCIAS": 19.59564541213064,
    "GRUPO4_GMA": 8.378693623639192,
    "Cluster": 1.0
  },
  "Navia": {
    "INGRESOS HOSPITALARIOS": 5.766497461928934,
    "URGENCIAS": 27.987301587301587,
    "GRUPO4_GMA": 5.79047619047619,
    "Cluster": 0.0
  },
  "Noreña": {
    "INGRESOS HOSPITALARIOS": 5.582137161084529,
    "URGENCIAS": 22.071065989847718,
    "GRUPO4_GMA": 6.314720812182741,
    "Cluster": 0.0
  },
  "Onís": {
    "INGRESOS HOSPITALARIOS": 5.193756727664154,
    "URGENCIAS": 34.13078149920255,
    "GRUPO4_GMA": 3.508771929824561,
    "Cluster": 0.0
  },
  "Oviedo / Uviéu": {
    "INGRESOS HOSPITALARIOS": 5.428514615231657,
    "URGENCIAS": 22.68049024606727,
    "GRUPO4_GMA": 5.248522274469813,
    "Cluster": 0.0
  },
  "Parres": {
    "INGRESOS HOSPITALARIOS": 5.063291139240507,
    "URGENCIAS": 29.78723404255319,
    "GRUPO4_GMA": 5.070590574666932,
    "Cluster": 0.0
  },
  "Peñamellera Alta": {
    "INGRESOS HOSPITALARIOS": 3.0160226201696507,
    "URGENCIAS": 16.455696202531644,
    "GRUPO4_GMA": 2.5316455696202533,
    "Cluster": 0.0
  },
  "Peñamellera Baja": {
    "INGRESOS HOSPITALARIOS": 11.363636363636363,
    "URGENCIAS": 8.19981149858624,
    "GRUPO4_GMA": 6.2205466540999055,